{
  "_id": "XJSNhQNFR4v7iNes",
  "name": "Magic Item Table C",
  "sort": -199999,
  "flags": {
    "better-rolltables": {},
    "exportSource": {
      "world": "kiltore-roll20",
      "system": "dnd5e",
      "coreVersion": "0.6.2",
      "systemVersion": 0.93
    }
  },
  "description": "",
  "results": [
    {
      "_id": "aniuCsS6SgWVqjC2",
      "flags": {},
      "type": 2,
      "text": "Sending Stones",
      "img": "https://5e.tools/img/items%2FSending%20Stones.jpg",
      "collection": "plutonium.items",
      "resultId": "lfnLW3KJLYIWg8ir",
      "weight": 1,
      "range": [
        0,
        0
      ],
      "drawn": false
    },
    {
      "_id": "zFkfupMVSvktzLD9",
      "flags": {},
      "type": 2,
      "text": "Potion of Superior Healing",
      "img": "systems/dnd5e/icons/items/potions/grand-red.jpg",
      "collection": "plutonium.items",
      "resultId": "Fdfut9LCPRmj3cc6",
      "weight": 1,
      "range": [
        1,
        15
      ],
      "drawn": false
    },
    {
      "_id": "MNG0NYuGiMF4L2CN",
      "flags": {},
      "type": 2,
      "text": "Spell Scroll (4th Level)",
      "img": "modules/plutonium/media/icon/tied-scroll.svg",
      "collection": "plutonium.items",
      "resultId": "22mraYSyVZNjV6Go",
      "weight": 1,
      "range": [
        16,
        22
      ],
      "drawn": false
    },
    {
      "_id": "FTQOuOUekz37PTSR",
      "flags": {},
      "type": 2,
      "text": "Arrow +2",
      "img": "systems/dnd5e/icons/skills/arrow_07.jpg",
      "collection": "plutonium.items",
      "resultId": "fN2krEEsbRgppSR8",
      "weight": 1,
      "range": [
        23,
        27
      ],
      "drawn": false
    },
    {
      "_id": "50PWmBa4EksDprt5",
      "flags": {},
      "type": 2,
      "text": "Potion of Clairvoyance",
      "img": "systems/dnd5e/icons/items/potions/unique-2.jpg",
      "collection": "plutonium.items",
      "resultId": "8wbgSYNfy7CrslwC",
      "weight": 1,
      "range": [
        28,
        32
      ],
      "drawn": false
    },
    {
      "_id": "LgTP0KiHA7HGxGSz",
      "flags": {},
      "type": 2,
      "text": "Potion of Diminution",
      "img": "systems/dnd5e/icons/items/potions/unique-9.jpg",
      "collection": "plutonium.items",
      "resultId": "EQRnfpcnYtqoS2tg",
      "weight": 1,
      "range": [
        33,
        37
      ],
      "drawn": false
    },
    {
      "_id": "fBJN9DpST06yvY2r",
      "flags": {},
      "type": 2,
      "text": "Potion of Gaseous Form",
      "img": "systems/dnd5e/icons/items/potions/unique-7.jpg",
      "collection": "plutonium.items",
      "resultId": "ryh0JwSmp9KkyaOK",
      "weight": 1,
      "range": [
        38,
        42
      ],
      "drawn": true
    },
    {
      "_id": "SwWCiDgQ5km3Zyi4",
      "flags": {},
      "type": 2,
      "text": "Potion of Frost Giant Strength",
      "img": "systems/dnd5e/icons/items/potions/grand-blue.jpg",
      "collection": "plutonium.items",
      "resultId": "Qecov62FhzycSzk4",
      "weight": 1,
      "range": [
        43,
        47
      ],
      "drawn": false
    },
    {
      "_id": "TTv8Ef2l4WKq7s8k",
      "flags": {},
      "type": 2,
      "text": "Potion of Stone Giant Strength",
      "img": "systems/dnd5e/icons/items/potions/major-green.jpg",
      "collection": "plutonium.items",
      "resultId": "ClW7hSNB0KOFIKsz",
      "weight": 1,
      "range": [
        48,
        52
      ],
      "drawn": false
    },
    {
      "_id": "eEYHAWFSJZ3ExdVJ",
      "flags": {},
      "type": 2,
      "text": "Potion of Heroism",
      "img": "systems/dnd5e/icons/items/potions/unique-6.jpg",
      "collection": "plutonium.items",
      "resultId": "i5BrL3lkGfTqS3aJ",
      "weight": 1,
      "range": [
        53,
        57
      ],
      "drawn": false
    },
    {
      "_id": "Sn8zGjjcMqADlrqP",
      "flags": {},
      "type": 2,
      "text": "Potion of Invulnerability",
      "img": "modules/plutonium/media/icon/potion-ball.svg",
      "collection": "plutonium.items",
      "resultId": "xYTIh81fFDOzk25d",
      "weight": 1,
      "range": [
        58,
        62
      ],
      "drawn": false
    },
    {
      "_id": "GtCa7i3bKG249afE",
      "flags": {},
      "type": 2,
      "text": "Potion of Mind Reading",
      "img": "systems/dnd5e/icons/items/potions/unique-2.jpg",
      "collection": "plutonium.items",
      "resultId": "6y2NKwCPtx3WH8R1",
      "weight": 1,
      "range": [
        63,
        67
      ],
      "drawn": false
    },
    {
      "_id": "ar8Pb5JcJdUEA0o2",
      "flags": {},
      "type": 2,
      "text": "Spell Scroll (5th Level)",
      "img": "modules/plutonium/media/icon/tied-scroll.svg",
      "collection": "plutonium.items",
      "resultId": "rU0Lv6mvxaZqfVJq",
      "weight": 1,
      "range": [
        68,
        72
      ],
      "drawn": false
    },
    {
      "_id": "nBA0mpwUwYgSXnri",
      "flags": {},
      "type": 2,
      "text": "Elixir of Health",
      "img": "modules/plutonium/media/icon/potion-ball.svg",
      "collection": "plutonium.items",
      "resultId": "5oW9VH8oMtdlm43C",
      "weight": 1,
      "range": [
        73,
        75
      ],
      "drawn": false
    },
    {
      "_id": "hu5jx1hWydzv1vzI",
      "flags": {},
      "type": 2,
      "text": "Oil of Etherealness",
      "img": "systems/dnd5e/icons/items/potions/unique-1.jpg",
      "collection": "plutonium.items",
      "resultId": "3wM0ZWbP9kEtybFs",
      "weight": 1,
      "range": [
        76,
        78
      ],
      "drawn": false
    },
    {
      "_id": "6g7qZMsQVy9uGy9J",
      "flags": {},
      "type": 2,
      "text": "Potion of Fire Giant Strength",
      "img": "systems/dnd5e/icons/items/potions/grand-yellow.jpg",
      "collection": "plutonium.items",
      "resultId": "YHDG3lmFPRCgc0hw",
      "weight": 1,
      "range": [
        79,
        81
      ],
      "drawn": false
    },
    {
      "_id": "mMxUXU0CgV6eiaZH",
      "flags": {},
      "type": 1,
      "text": "Quaal's Feather Token",
      "img": "icons/svg/d20-black.svg",
      "collection": "RollTable",
      "resultId": "MzHd1MuvtCDj7m2h",
      "weight": 1,
      "range": [
        82,
        84
      ],
      "drawn": false
    },
    {
      "_id": "sN5jW72b50HDLkYv",
      "flags": {},
      "type": 1,
      "text": "Scroll of Protection",
      "img": "icons/svg/d20-black.svg",
      "collection": "RollTable",
      "resultId": "rDPT3EnLC9Wzjnuo",
      "weight": 1,
      "range": [
        85,
        87
      ],
      "drawn": false
    },
    {
      "_id": "HKKklxB1H9OiNGam",
      "flags": {},
      "type": 2,
      "text": "Bag of Beans",
      "img": "https://5e.tools/img/items%2FBag%20of%20Beans.jpg",
      "collection": "plutonium.items",
      "resultId": "t0LOYUZQyEnY5BSt",
      "weight": 1,
      "range": [
        88,
        89
      ],
      "drawn": false
    },
    {
      "_id": "9CJCZG70dm5LHkUX",
      "flags": {},
      "type": 2,
      "text": "Bead of Force",
      "img": "systems/dnd5e/icons/skills/blue_33.jpg",
      "collection": "plutonium.items",
      "resultId": "qiuDkwMs6FgNPkE4",
      "weight": 1,
      "range": [
        90,
        91
      ],
      "drawn": false
    },
    {
      "_id": "2OI54wLx61t61eyH",
      "flags": {},
      "type": 2,
      "text": "Chime of Opening",
      "img": "https://5e.tools/img/items%2FChime%20of%20Opening.jpg",
      "collection": "plutonium.items",
      "resultId": "954rk7qOimYCatJp",
      "weight": 1,
      "range": [
        92,
        92
      ],
      "drawn": false
    },
    {
      "_id": "HRFebN8Vyve09Ppj",
      "flags": {},
      "type": 2,
      "text": "Decanter of Endless Water",
      "img": "https://5e.tools/img/items%2FDecanter%20of%20Endless%20Water.jpg",
      "collection": "plutonium.items",
      "resultId": "9VT7QlYApCVT7qHd",
      "weight": 1,
      "range": [
        93,
        93
      ],
      "drawn": false
    },
    {
      "_id": "yst8VK5vCjWjgiQG",
      "flags": {},
      "type": 2,
      "text": "Eyes of Minute Seeing",
      "img": "systems/dnd5e/icons/skills/shadow_12.jpg",
      "collection": "plutonium.items",
      "resultId": "85Ky71sGqBN04yfs",
      "weight": 1,
      "range": [
        94,
        94
      ],
      "drawn": false
    },
    {
      "_id": "my9NxM1MugLfnVY0",
      "flags": {},
      "type": 2,
      "text": "Folding Boat",
      "img": "https://5e.tools/img/items%2FFolding%20Boat.jpg",
      "collection": "plutonium.items",
      "resultId": "7R7tChCabluwR2eP",
      "weight": 1,
      "range": [
        95,
        95
      ],
      "drawn": false
    },
    {
      "_id": "o8eXv0dbJxYFRIUB",
      "flags": {},
      "type": 2,
      "text": "Heward's Handy Haversack",
      "img": "https://5e.tools/img/items%2FHeward's%20Handy%20Haversack.jpg",
      "collection": "plutonium.items",
      "resultId": "NIe4KuvqdeQlYo4C",
      "weight": 1,
      "range": [
        96,
        96
      ],
      "drawn": false
    },
    {
      "_id": "BWmJDBV7xKkZZKmL",
      "flags": {},
      "type": 2,
      "text": "Horseshoes of Speed",
      "img": "systems/dnd5e/icons/items/inventory/horseshoe.jpg",
      "collection": "plutonium.items",
      "resultId": "5I0exzCbzGpxNajW",
      "weight": 1,
      "range": [
        97,
        97
      ],
      "drawn": false
    },
    {
      "_id": "I6b9xjNWErJX3E2F",
      "flags": {},
      "type": 2,
      "text": "Necklace of Fireballs",
      "img": "https://5e.tools/img/items%2FNecklace%20of%20Fireballs.jpg",
      "collection": "plutonium.items",
      "resultId": "m6etEJAgRdZJiy4w",
      "weight": 1,
      "range": [
        98,
        98
      ],
      "drawn": false
    },
    {
      "_id": "9Ay3Hsg9YEY8rik1",
      "flags": {},
      "type": 2,
      "text": "Periapt of Health",
      "img": "https://5e.tools/img/items%2FPeriapt%20of%20Health.jpg",
      "collection": "plutonium.items",
      "resultId": "ui9YqpePnjPv2CIO",
      "weight": 1,
      "range": [
        99,
        99
      ],
      "drawn": false
    }
  ],
  "formula": "d100",
  "replacement": false,
  "displayRoll": true
}