{
  "_id": "3F3wMOfSKgUpX4Ci",
  "name": "Magic Item Table D",
  "sort": -137499,
  "flags": {
    "better-rolltables": {},
    "exportSource": {
      "world": "kiltore-roll20",
      "system": "dnd5e",
      "coreVersion": "0.6.2",
      "systemVersion": 0.93
    }
  },
  "description": "",
  "results": [
    {
      "_id": "fAnN31tEVJa0eOtd",
      "flags": {},
      "type": 2,
      "text": "Portable Hole",
      "img": "systems/dnd5e/icons/skills/violet_12.jpg",
      "collection": "plutonium.items",
      "resultId": "ZAhJYP2AjgyXRnC6",
      "weight": 1,
      "range": [
        0,
        0
      ],
      "drawn": false
    },
    {
      "_id": "PNQDVU9RImdAWhdt",
      "flags": {},
      "type": 2,
      "text": "Potion of Supreme Healing",
      "img": "systems/dnd5e/icons/items/potions/grand-red.jpg",
      "collection": "plutonium.items",
      "resultId": "UF0sSkyUuQjmuKnU",
      "weight": 1,
      "range": [
        1,
        20
      ],
      "drawn": false
    },
    {
      "_id": "UNpoXwbyH7OdApaQ",
      "flags": {},
      "type": 2,
      "text": "Potion of Invisibility",
      "img": "systems/dnd5e/icons/items/potions/major-empty.jpg",
      "collection": "plutonium.items",
      "resultId": "l3hTCBsLWSEmcwfo",
      "weight": 1,
      "range": [
        21,
        30
      ],
      "drawn": false
    },
    {
      "_id": "pgQFVhUd1AVxrj7M",
      "flags": {},
      "type": 2,
      "text": "Potion of Speed",
      "img": "systems/dnd5e/icons/items/potions/unique-6.jpg",
      "collection": "plutonium.items",
      "resultId": "SXEQz9lfDdTwDcdI",
      "weight": 1,
      "range": [
        31,
        40
      ],
      "drawn": false
    },
    {
      "_id": "dRRf2GmOA3dD4siQ",
      "flags": {},
      "type": 2,
      "text": "Spell Scroll (6th Level)",
      "img": "modules/plutonium/media/icon/tied-scroll.svg",
      "collection": "plutonium.items",
      "resultId": "s7QTBkJr4X1isvdi",
      "weight": 1,
      "range": [
        41,
        50
      ],
      "drawn": false
    },
    {
      "_id": "LIz8biXt46w7Vdfd",
      "flags": {},
      "type": 2,
      "text": "Spell Scroll (7th Level)",
      "img": "modules/plutonium/media/icon/tied-scroll.svg",
      "collection": "plutonium.items",
      "resultId": "GsgBkycKbCygsxv4",
      "weight": 1,
      "range": [
        51,
        57
      ],
      "drawn": false
    },
    {
      "_id": "lWx7xDssCvMrFKdn",
      "flags": {},
      "type": 2,
      "text": "Arrow +3",
      "img": "systems/dnd5e/icons/skills/arrow_07.jpg",
      "collection": "plutonium.items",
      "resultId": "mO7vRHULMxeYixtr",
      "weight": 1,
      "range": [
        58,
        62
      ],
      "drawn": false
    },
    {
      "_id": "iYLHKr15Tsv5C4kM",
      "flags": {},
      "type": 2,
      "text": "Oil of Sharpness",
      "img": "systems/dnd5e/icons/items/potions/unique-10.jpg",
      "collection": "plutonium.items",
      "resultId": "HZst3Cz9NAobb34T",
      "weight": 1,
      "range": [
        63,
        67
      ],
      "drawn": false
    },
    {
      "_id": "NxtvRhAFwuHLb2lb",
      "flags": {},
      "type": 2,
      "text": "Potion of Flying",
      "img": "systems/dnd5e/icons/items/potions/unique-10.jpg",
      "collection": "plutonium.items",
      "resultId": "cbN1WPxaKd8xRZyn",
      "weight": 1,
      "range": [
        68,
        72
      ],
      "drawn": false
    },
    {
      "_id": "EAvGi6TFCcsjbgKr",
      "flags": {},
      "type": 2,
      "text": "Potion of Cloud Giant Strength",
      "img": "systems/dnd5e/icons/items/potions/grand-blue.jpg",
      "collection": "plutonium.items",
      "resultId": "9qW6f17Sda4muVr3",
      "weight": 1,
      "range": [
        73,
        77
      ],
      "drawn": false
    },
    {
      "_id": "QebBZGnbVKXzAXsi",
      "flags": {},
      "type": 2,
      "text": "Potion of Longevity",
      "img": "modules/plutonium/media/icon/potion-ball.svg",
      "collection": "plutonium.items",
      "resultId": "lYi6R4PJgSjmhAbf",
      "weight": 1,
      "range": [
        78,
        82
      ],
      "drawn": false
    },
    {
      "_id": "Q0W90cEdSVqVm3AK",
      "flags": {},
      "type": 2,
      "text": "Potion of Vitality",
      "img": "modules/plutonium/media/icon/potion-ball.svg",
      "collection": "plutonium.items",
      "resultId": "1Myd8EHvV8s1IqBv",
      "weight": 1,
      "range": [
        83,
        87
      ],
      "drawn": false
    },
    {
      "_id": "1mun5OzvCmuDz4FU",
      "flags": {},
      "type": 2,
      "text": "Spell Scroll (8th Level)",
      "img": "modules/plutonium/media/icon/tied-scroll.svg",
      "collection": "plutonium.items",
      "resultId": "milWHOyWvqB9aqgr",
      "weight": 1,
      "range": [
        88,
        92
      ],
      "drawn": false
    },
    {
      "_id": "xZSwri3TOndlGyB4",
      "flags": {},
      "type": 2,
      "text": "Horseshoes of a Zephyr",
      "img": "modules/plutonium/media/icon/crossed-swords.svg",
      "collection": "plutonium.items",
      "resultId": "DEUEOHpapYAdRDwc",
      "weight": 1,
      "range": [
        93,
        95
      ],
      "drawn": false
    },
    {
      "_id": "XkV34fgeEaE2hYQA",
      "flags": {},
      "type": 2,
      "text": "Nolzur's Marvelous Pigments",
      "img": "https://5e.tools/img/items%2FNolzur's%20Marvelous%20Pigments.jpg",
      "collection": "plutonium.items",
      "resultId": "q63oPuzDhMnvWVnS",
      "weight": 1,
      "range": [
        96,
        98
      ],
      "drawn": false
    },
    {
      "_id": "h7FJL4yQMAQL4WSP",
      "flags": {},
      "type": 2,
      "text": "Bag of Devouring",
      "img": "https://5e.tools/img/items%2FBag%20of%20Devouring.jpg",
      "collection": "plutonium.items",
      "resultId": "ZcNL3nnIDt5x74My",
      "weight": 1,
      "range": [
        99,
        99
      ],
      "drawn": false
    }
  ],
  "formula": "d100",
  "replacement": false,
  "displayRoll": true
}