{
  "_id": "rDPT3EnLC9Wzjnuo",
  "name": "Scroll of Protection",
  "sort": -99999,
  "flags": {
    "better-rolltables": {},
    "exportSource": {
      "world": "kiltore-roll20",
      "system": "dnd5e",
      "coreVersion": "0.6.2",
      "systemVersion": 0.93
    }
  },
  "description": "",
  "results": [
    {
      "_id": "XwftGo76zTwtqRhC",
      "flags": {},
      "type": 2,
      "text": "Scroll of Protection from Aberrations",
      "img": "modules/plutonium/media/icon/tied-scroll.svg",
      "collection": "plutonium.items",
      "resultId": "Sjz6nB2TFei0JErN",
      "weight": 1,
      "range": [
        1,
        1
      ],
      "drawn": false
    },
    {
      "_id": "75stFQd409us5uDW",
      "flags": {},
      "type": 2,
      "text": "Scroll of Protection from Beasts",
      "img": "modules/plutonium/media/icon/tied-scroll.svg",
      "collection": "plutonium.items",
      "resultId": "Voa5XlanRYtugzud",
      "weight": 1,
      "range": [
        2,
        2
      ],
      "drawn": false
    },
    {
      "_id": "CjLegxnRWDk95AJ1",
      "flags": {},
      "type": 2,
      "text": "Scroll of Protection from Celestials",
      "img": "modules/plutonium/media/icon/tied-scroll.svg",
      "collection": "plutonium.items",
      "resultId": "BvQGVzeihJrrnZ5g",
      "weight": 1,
      "range": [
        3,
        3
      ],
      "drawn": false
    },
    {
      "_id": "ERm0c13zWZpfwMrB",
      "flags": {},
      "type": 2,
      "text": "Scroll of Protection from Elementals",
      "img": "modules/plutonium/media/icon/tied-scroll.svg",
      "collection": "plutonium.items",
      "resultId": "ElwJ0xzWEWGmMWpp",
      "weight": 1,
      "range": [
        4,
        4
      ],
      "drawn": false
    },
    {
      "_id": "IcCVla8YS2d6JNT4",
      "flags": {},
      "type": 2,
      "text": "Scroll of Protection from Fey",
      "img": "modules/plutonium/media/icon/tied-scroll.svg",
      "collection": "plutonium.items",
      "resultId": "TtGEJ8T8S7uLtboh",
      "weight": 1,
      "range": [
        5,
        5
      ],
      "drawn": false
    },
    {
      "_id": "hgSlCSq4FxsOQ3FJ",
      "flags": {},
      "type": 2,
      "text": "Scroll of Protection from Fiends",
      "img": "modules/plutonium/media/icon/tied-scroll.svg",
      "collection": "plutonium.items",
      "resultId": "n4iKlneaKLpoiug4",
      "weight": 1,
      "range": [
        6,
        6
      ],
      "drawn": false
    },
    {
      "_id": "3S3o83xeCwhlmijL",
      "flags": {},
      "type": 2,
      "text": "Scroll of Protection from Plants",
      "img": "modules/plutonium/media/icon/tied-scroll.svg",
      "collection": "plutonium.items",
      "resultId": "p8qr5OUep5GycUd7",
      "weight": 1,
      "range": [
        7,
        7
      ],
      "drawn": false
    },
    {
      "_id": "iFWyfFbfzlm7bDlc",
      "flags": {},
      "type": 2,
      "text": "Scroll of Protection from Undead",
      "img": "modules/plutonium/media/icon/tied-scroll.svg",
      "collection": "plutonium.items",
      "resultId": "uNn68JhIUObpX7bW",
      "weight": 1,
      "range": [
        8,
        8
      ],
      "drawn": false
    }
  ],
  "formula": "1d8",
  "replacement": true,
  "displayRoll": true
}