{
  "_id": "SbwBxlANTkYFv0YF",
  "name": "Magic Item Table B",
  "sort": -249999,
  "flags": {
    "better-rolltables": {},
    "exportSource": {
      "world": "kiltore-roll20",
      "system": "dnd5e",
      "coreVersion": "0.6.2",
      "systemVersion": 0.93
    }
  },
  "description": "",
  "results": [
    {
      "_id": "UIFlyoC3FNdYBIhP",
      "flags": {},
      "type": 2,
      "text": "Wand of Secrets",
      "img": "https://5e.tools/img/items%2FWand%20of%20Secrets.jpg",
      "collection": "plutonium.items",
      "resultId": "GZTVfIB0W7XKWbKc",
      "weight": 1,
      "range": [
        0,
        0
      ],
      "drawn": false
    },
    {
      "_id": "DlAGb5dUJDmDkNOw",
      "flags": {},
      "type": 2,
      "text": "Potion of Greater Healing",
      "img": "systems/dnd5e/icons/items/potions/major-red.jpg",
      "collection": "plutonium.items",
      "resultId": "QZj8FqwYU4nTR1uN",
      "weight": 1,
      "range": [
        1,
        15
      ],
      "drawn": false
    },
    {
      "_id": "BQ9IsXpqD4IyMijK",
      "flags": {},
      "type": 2,
      "text": "Potion of Fire Breath",
      "img": "modules/plutonium/media/icon/potion-ball.svg",
      "collection": "plutonium.items",
      "resultId": "LYgKJI8fQoI1XjEK",
      "weight": 1,
      "range": [
        16,
        22
      ],
      "drawn": false
    },
    {
      "_id": "LHFucxb3PWBYybde",
      "flags": {},
      "type": 1,
      "text": "Potion of Resistance",
      "img": "icons/svg/d20-black.svg",
      "collection": "RollTable",
      "resultId": "yBe8VBh39HYnRTB8",
      "weight": 1,
      "range": [
        23,
        29
      ],
      "drawn": true
    },
    {
      "_id": "9YZbU06dm35itXtE",
      "flags": {},
      "type": 2,
      "text": "Arrow +1",
      "img": "systems/dnd5e/icons/skills/arrow_07.jpg",
      "collection": "plutonium.items",
      "resultId": "Y0APCdAKFnsWMtyq",
      "weight": 1,
      "range": [
        30,
        34
      ],
      "drawn": false
    },
    {
      "_id": "H4ZKyXTMNzcvA31N",
      "flags": {},
      "type": 2,
      "text": "Potion of Animal Friendship",
      "img": "systems/dnd5e/icons/items/potions/unique-4.jpg",
      "collection": "plutonium.items",
      "resultId": "FEjNjZ81p17zwicT",
      "weight": 1,
      "range": [
        35,
        39
      ],
      "drawn": true
    },
    {
      "_id": "HnEwflW54LzQQs49",
      "flags": {},
      "type": 2,
      "text": "Potion of Hill Giant Strength",
      "img": "systems/dnd5e/icons/items/potions/major-green.jpg",
      "collection": "plutonium.items",
      "resultId": "mrAGxBBVeK6S0uuO",
      "weight": 1,
      "range": [
        40,
        44
      ],
      "drawn": false
    },
    {
      "_id": "lbpi2pviXTEbrRBf",
      "flags": {},
      "type": 2,
      "text": "Potion of Growth",
      "img": "systems/dnd5e/icons/items/potions/unique-9.jpg",
      "collection": "plutonium.items",
      "resultId": "4A1obcetNQU4RH3Z",
      "weight": 1,
      "range": [
        45,
        49
      ],
      "drawn": false
    },
    {
      "_id": "JwuZ2WFXZ40rlmDy",
      "flags": {},
      "type": 2,
      "text": "Potion of Water Breathing",
      "img": "systems/dnd5e/icons/items/potions/unique-4.jpg",
      "collection": "plutonium.items",
      "resultId": "aWFCFdrE6PpCt5L2",
      "weight": 1,
      "range": [
        50,
        54
      ],
      "drawn": false
    },
    {
      "_id": "2KXC4cCSG75IwXwf",
      "flags": {},
      "type": 2,
      "text": "Spell Scroll (2nd Level)",
      "img": "modules/plutonium/media/icon/tied-scroll.svg",
      "collection": "plutonium.items",
      "resultId": "zYY3E2bjGl2f00Vc",
      "weight": 1,
      "range": [
        55,
        59
      ],
      "drawn": false
    },
    {
      "_id": "pwGhij5ctcrYG7Bx",
      "flags": {},
      "type": 2,
      "text": "Spell Scroll (3rd Level)",
      "img": "modules/plutonium/media/icon/tied-scroll.svg",
      "collection": "plutonium.items",
      "resultId": "6Lj1VUCRnL2XVNKN",
      "weight": 1,
      "range": [
        60,
        64
      ],
      "drawn": false
    },
    {
      "_id": "1LGGYfxkc84wzrq9",
      "flags": {},
      "type": 2,
      "text": "Bag of Holding",
      "img": "https://5e.tools/img/items%2FBag%20of%20Holding.jpg",
      "collection": "plutonium.items",
      "resultId": "Rrq3Qd1gg9MxCUpI",
      "weight": 1,
      "range": [
        65,
        67
      ],
      "drawn": false
    },
    {
      "_id": "3yfwanelMCnAuSff",
      "flags": {},
      "type": 2,
      "text": "Keoghtom's Ointment",
      "img": "https://5e.tools/img/items%2FKeoghtom's%20Ointment.jpg",
      "collection": "plutonium.items",
      "resultId": "ABkKoVahtJy7wWVT",
      "weight": 1,
      "range": [
        68,
        70
      ],
      "drawn": false
    },
    {
      "_id": "hq0jT71FlyA1UW3r",
      "flags": {},
      "type": 2,
      "text": "Oil of Slipperiness",
      "img": "systems/dnd5e/icons/items/potions/unique-3.jpg",
      "collection": "plutonium.items",
      "resultId": "1VRbjSdixUUz0GeW",
      "weight": 1,
      "range": [
        71,
        73
      ],
      "drawn": false
    },
    {
      "_id": "5laVhdcVEeWXHm3s",
      "flags": {},
      "type": 2,
      "text": "Dust of Disappearance",
      "img": "https://5e.tools/img/items%2FDust%20of%20Disappearance.jpg",
      "collection": "plutonium.items",
      "resultId": "WrTIYceCyXdqFkBa",
      "weight": 1,
      "range": [
        74,
        75
      ],
      "drawn": false
    },
    {
      "_id": "YfENhmOG51EI8EqF",
      "flags": {},
      "type": 2,
      "text": "Dust of Dryness",
      "img": "systems/dnd5e/icons/skills/yellow_28.jpg",
      "collection": "plutonium.items",
      "resultId": "MFtXvQZ8KfI0ttsV",
      "weight": 1,
      "range": [
        76,
        77
      ],
      "drawn": false
    },
    {
      "_id": "a1tMT3FjsrHfFR76",
      "flags": {},
      "type": 2,
      "text": "Dust of Sneezing and Choking",
      "img": "https://5e.tools/img/items%2FDust%20of%20Sneezing%20and%20Choking.jpg",
      "collection": "plutonium.items",
      "resultId": "NEzMxXkg23aQYwvJ",
      "weight": 1,
      "range": [
        78,
        79
      ],
      "drawn": false
    },
    {
      "_id": "9W1rtLVTrvFe30Y8",
      "flags": {},
      "type": 1,
      "text": "Elemental Gem",
      "img": "icons/svg/d20-black.svg",
      "collection": "RollTable",
      "resultId": "mSQSsNgmrSCsYchr",
      "weight": 1,
      "range": [
        80,
        81
      ],
      "drawn": false
    },
    {
      "_id": "iLl8rk1G7CJg4sv1",
      "flags": {},
      "type": 2,
      "text": "Philter of Love",
      "img": "systems/dnd5e/icons/items/potions/unique-5.jpg",
      "collection": "plutonium.items",
      "resultId": "CQrZZcLMaDpUKJrl",
      "weight": 1,
      "range": [
        82,
        83
      ],
      "drawn": false
    },
    {
      "_id": "owHnVFSGldLrDl2Y",
      "flags": {},
      "type": 2,
      "text": "Alchemy Jug",
      "img": "https://5e.tools/img/items%2FAlchemy%20Jug.jpg",
      "collection": "plutonium.items",
      "resultId": "nn0uKDrUqDET4UfG",
      "weight": 1,
      "range": [
        84,
        84
      ],
      "drawn": false
    },
    {
      "_id": "9oCpWqSHSqfOWUtM",
      "flags": {},
      "type": 2,
      "text": "Cap of Water Breathing",
      "img": "modules/plutonium/media/icon/crossed-swords.svg",
      "collection": "plutonium.items",
      "resultId": "1ZhhBLSgQnsQUCPC",
      "weight": 1,
      "range": [
        85,
        85
      ],
      "drawn": false
    },
    {
      "_id": "CfthoV3GbA60qVSB",
      "flags": {},
      "type": 2,
      "text": "Cloak of the Manta Ray",
      "img": "https://5e.tools/img/items%2FCloak%20of%20the%20Manta%20Ray.jpg",
      "collection": "plutonium.items",
      "resultId": "lOAGm472zM3S46JV",
      "weight": 1,
      "range": [
        86,
        86
      ],
      "drawn": false
    },
    {
      "_id": "hd2jiKToY1pUrXm0",
      "flags": {},
      "type": 2,
      "text": "Driftglobe",
      "img": "https://5e.tools/img/items%2FDriftglobe.jpg",
      "collection": "plutonium.items",
      "resultId": "tD8xIF4zJIaCr1VU",
      "weight": 1,
      "range": [
        87,
        87
      ],
      "drawn": false
    },
    {
      "_id": "sTjY9dJiE9CeC1WK",
      "flags": {},
      "type": 2,
      "text": "Goggles of Night",
      "img": "https://5e.tools/img/items%2FGoggles%20of%20Night.jpg",
      "collection": "plutonium.items",
      "resultId": "7F4pIpLN4AE8sOib",
      "weight": 1,
      "range": [
        88,
        88
      ],
      "drawn": false
    },
    {
      "_id": "5p7Yhl9OOH1LXPJC",
      "flags": {},
      "type": 2,
      "text": "Helm of Comprehending Languages",
      "img": "https://5e.tools/img/items%2FHelm%20of%20Comprehending%20Languages.jpg",
      "collection": "plutonium.items",
      "resultId": "4l4hy52sZV3FNTGL",
      "weight": 1,
      "range": [
        89,
        89
      ],
      "drawn": false
    },
    {
      "_id": "m2t3eoNlqwB2ygpR",
      "flags": {},
      "type": 2,
      "text": "Immovable Rod",
      "img": "https://5e.tools/img/items%2FImmovable%20Rod.jpg",
      "collection": "plutonium.items",
      "resultId": "KkWD0qakfO4ZgcfM",
      "weight": 1,
      "range": [
        90,
        90
      ],
      "drawn": false
    },
    {
      "_id": "2VRjCOMwr4TRCALO",
      "flags": {},
      "type": 2,
      "text": "Lantern of Revealing",
      "img": "https://5e.tools/img/items%2FLantern%20of%20Revealing.jpg",
      "collection": "plutonium.items",
      "resultId": "XIAR0eaAWLjkYnbu",
      "weight": 1,
      "range": [
        91,
        91
      ],
      "drawn": false
    },
    {
      "_id": "9L1cukfQT8wbc2Br",
      "flags": {},
      "type": 2,
      "text": "Mariner's Armor",
      "img": "modules/plutonium/media/icon/crossed-swords.svg",
      "collection": "plutonium.items",
      "resultId": "gyONjSZb4KoV3Viu",
      "weight": 1,
      "range": [
        92,
        92
      ],
      "drawn": false
    },
    {
      "_id": "BvxV4UAo2yxGV7Oc",
      "flags": {},
      "type": 2,
      "text": "Mithral Armor",
      "img": "modules/plutonium/media/icon/crossed-swords.svg",
      "collection": "plutonium.items",
      "resultId": "3ceQGFmzkV2C7dL9",
      "weight": 1,
      "range": [
        93,
        93
      ],
      "drawn": false
    },
    {
      "_id": "MFC5kCfdmRUC08VF",
      "flags": {},
      "type": 2,
      "text": "Potion of Poison",
      "img": "systems/dnd5e/icons/items/potions/unique-7.jpg",
      "collection": "plutonium.items",
      "resultId": "nelIfZQU75TAXqbQ",
      "weight": 1,
      "range": [
        94,
        94
      ],
      "drawn": false
    },
    {
      "_id": "v4JvLaFuv4HtwdCp",
      "flags": {},
      "type": 2,
      "text": "Ring of Swimming",
      "img": "systems/dnd5e/icons/items/jewelry/ring-gold.jpg",
      "collection": "plutonium.items",
      "resultId": "rp9KNsXEIsc1seoH",
      "weight": 1,
      "range": [
        95,
        95
      ],
      "drawn": false
    },
    {
      "_id": "frI1q3kuIkRVEv6r",
      "flags": {},
      "type": 2,
      "text": "Robe of Useful Items",
      "img": "https://5e.tools/img/items%2FRobe%20of%20Useful%20Items.jpg",
      "collection": "plutonium.items",
      "resultId": "Jteyp4jQzKvHbZII",
      "weight": 1,
      "range": [
        96,
        96
      ],
      "drawn": false
    },
    {
      "_id": "oHCH2m57DfXbRQeO",
      "flags": {},
      "type": 2,
      "text": "Rope of Climbing",
      "img": "systems/dnd5e/icons/items/inventory/rope.jpg",
      "collection": "plutonium.items",
      "resultId": "emgvOI3U33cGllp4",
      "weight": 1,
      "range": [
        97,
        97
      ],
      "drawn": false
    },
    {
      "_id": "dkO1NSK20H34qHBM",
      "flags": {},
      "type": 2,
      "text": "Saddle of the Cavalier",
      "img": "modules/plutonium/media/icon/crossed-swords.svg",
      "collection": "plutonium.items",
      "resultId": "HDGVzmiNii4NQK8E",
      "weight": 1,
      "range": [
        98,
        98
      ],
      "drawn": false
    },
    {
      "_id": "IyLZO6IW4WwuAADm",
      "flags": {},
      "type": 2,
      "text": "Wand of Magic Detection",
      "img": "https://5e.tools/img/items%2FWand%20of%20Magic%20Detection.jpg",
      "collection": "plutonium.items",
      "resultId": "XS4WIx3gGeIv3CNj",
      "weight": 1,
      "range": [
        99,
        99
      ],
      "drawn": false
    }
  ],
  "formula": "d100",
  "replacement": false,
  "displayRoll": true
}