{
  "_id": "mSQSsNgmrSCsYchr",
  "name": "Elemental Gem",
  "sort": -199999,
  "flags": {
    "better-rolltables": {},
    "exportSource": {
      "world": "kiltore-roll20",
      "system": "dnd5e",
      "coreVersion": "0.6.2",
      "systemVersion": 0.93
    }
  },
  "description": "",
  "results": [
    {
      "_id": "XKj6F9LMIbxDfWLP",
      "flags": {},
      "type": 2,
      "text": "Elemental Gem, Blue Sapphire",
      "img": "modules/plutonium/media/icon/crossed-swords.svg",
      "collection": "plutonium.items",
      "resultId": "UW6WTDFd6Z6kE7UA",
      "weight": 1,
      "range": [
        1,
        1
      ],
      "drawn": false
    },
    {
      "_id": "laOzxzc9aqefs5xP",
      "flags": {},
      "type": 2,
      "text": "Elemental Gem, Emerald",
      "img": "modules/plutonium/media/icon/crossed-swords.svg",
      "collection": "plutonium.items",
      "resultId": "nvBwBytKfqPoGKcU",
      "weight": 1,
      "range": [
        2,
        2
      ],
      "drawn": false
    },
    {
      "_id": "ZidlCea6bmUWLhPs",
      "flags": {},
      "type": 2,
      "text": "Elemental Gem, Red Corundum",
      "img": "modules/plutonium/media/icon/crossed-swords.svg",
      "collection": "plutonium.items",
      "resultId": "lcPX7RAeSRFueOXE",
      "weight": 1,
      "range": [
        3,
        3
      ],
      "drawn": false
    },
    {
      "_id": "Faa4JUBZeaRD2IRD",
      "flags": {},
      "type": 2,
      "text": "Elemental Gem, Yellow Diamond",
      "img": "modules/plutonium/media/icon/crossed-swords.svg",
      "collection": "plutonium.items",
      "resultId": "3cFqncohXJ1fTxwp",
      "weight": 1,
      "range": [
        4,
        4
      ],
      "drawn": false
    }
  ],
  "formula": "1d4",
  "replacement": true,
  "displayRoll": true
}