{
  "_id": "bRn4oBvENoR0LcDP",
  "name": "Magic Item Table A",
  "sort": -299999,
  "flags": {
    "better-rolltables": {
      "table-type": "none"
    },
    "exportSource": {
      "world": "kiltore-roll20",
      "system": "dnd5e",
      "coreVersion": "0.6.2",
      "systemVersion": 0.93
    }
  },
  "description": "",
  "results": [
    {
      "_id": "ZeIX1ecHGX8qjjVE",
      "flags": {},
      "type": 2,
      "text": "Driftglobe",
      "img": "https://5e.tools/img/items%2FDriftglobe.jpg",
      "collection": "plutonium.items",
      "resultId": "tD8xIF4zJIaCr1VU",
      "weight": 1,
      "range": [
        0,
        0
      ],
      "drawn": false
    },
    {
      "_id": "lJ7hgd7VCZUO6S5x",
      "flags": {},
      "type": 2,
      "text": "Potion of Healing",
      "img": "systems/dnd5e/icons/items/potions/minor-red.jpg",
      "collection": "plutonium.items",
      "resultId": "xs6yzNc2c4YAsiKc",
      "weight": 1,
      "range": [
        1,
        50
      ],
      "drawn": false
    },
    {
      "_id": "YfaoSewnDocDxkZo",
      "flags": {},
      "type": 2,
      "text": "Spell Scroll (Cantrip)",
      "img": "modules/plutonium/media/icon/tied-scroll.svg",
      "collection": "plutonium.items",
      "resultId": "ERcHonMvb3PWLuex",
      "weight": 1,
      "range": [
        51,
        60
      ],
      "drawn": false
    },
    {
      "_id": "y9IqPXCCofzCaBXz",
      "flags": {},
      "type": 2,
      "text": "Potion of Climbing",
      "img": "systems/dnd5e/icons/items/potions/unique-8.jpg",
      "collection": "plutonium.items",
      "resultId": "7K6aCMLlPTWPiGQg",
      "weight": 1,
      "range": [
        61,
        70
      ],
      "drawn": false
    },
    {
      "_id": "EJ9WrkOhf6cxdexj",
      "flags": {},
      "type": 2,
      "text": "Spell Scroll (1st Level)",
      "img": "modules/plutonium/media/icon/tied-scroll.svg",
      "collection": "plutonium.items",
      "resultId": "RuKsmZKV4TtG39GS",
      "weight": 1,
      "range": [
        71,
        90
      ],
      "drawn": false
    },
    {
      "_id": "d52VjyhG8glZKhnT",
      "flags": {},
      "type": 2,
      "text": "Spell Scroll (2nd Level)",
      "img": "modules/plutonium/media/icon/tied-scroll.svg",
      "collection": "plutonium.items",
      "resultId": "zYY3E2bjGl2f00Vc",
      "weight": 1,
      "range": [
        91,
        94
      ],
      "drawn": false
    },
    {
      "_id": "jWTrbeswlcj3k8dc",
      "flags": {},
      "type": 2,
      "text": "Potion of Greater Healing",
      "img": "systems/dnd5e/icons/items/potions/major-red.jpg",
      "collection": "plutonium.items",
      "resultId": "QZj8FqwYU4nTR1uN",
      "weight": 1,
      "range": [
        95,
        98
      ],
      "drawn": false
    },
    {
      "_id": "BxzWWn0Ef1dexuA8",
      "flags": {},
      "type": 2,
      "text": "Bag of Holding",
      "img": "https://5e.tools/img/items%2FBag%20of%20Holding.jpg",
      "collection": "plutonium.items",
      "resultId": "Rrq3Qd1gg9MxCUpI",
      "weight": 1,
      "range": [
        99,
        99
      ],
      "drawn": false
    }
  ],
  "formula": "1d100",
  "replacement": true,
  "displayRoll": true
}