{
  "_id": "yBe8VBh39HYnRTB8",
  "name": "Potion of Resistance",
  "sort": -299999,
  "flags": {
    "better-rolltables": {},
    "exportSource": {
      "world": "kiltore-roll20",
      "system": "dnd5e",
      "coreVersion": "0.6.2",
      "systemVersion": 0.93
    }
  },
  "description": "",
  "results": [
    {
      "_id": "OADnGodzKYNAkjbT",
      "flags": {},
      "type": 2,
      "text": "Potion of Acid Resistance",
      "img": "systems/dnd5e/icons/items/potions/major-green.jpg",
      "collection": "plutonium.items",
      "resultId": "iNwW9j1iCoOlwmkr",
      "weight": 1,
      "range": [
        1,
        1
      ],
      "drawn": false
    },
    {
      "_id": "5dkK0gRP4Gb6LWmY",
      "flags": {},
      "type": 2,
      "text": "Potion of Cold Resistance",
      "img": "systems/dnd5e/icons/items/potions/major-blue.jpg",
      "collection": "plutonium.items",
      "resultId": "PrhHplEsPOzbyogG",
      "weight": 1,
      "range": [
        2,
        2
      ],
      "drawn": false
    },
    {
      "_id": "VcVWUlwgzMksY8bN",
      "flags": {},
      "type": 2,
      "text": "Potion of Fire Resistance",
      "img": "systems/dnd5e/icons/items/potions/major-red.jpg",
      "collection": "plutonium.items",
      "resultId": "6q5LK0ZL02GXVtiD",
      "weight": 1,
      "range": [
        3,
        3
      ],
      "drawn": false
    },
    {
      "_id": "GMDIazzXqDMOqUH0",
      "flags": {},
      "type": 2,
      "text": "Potion of Force Resistance",
      "img": "systems/dnd5e/icons/items/potions/major-blue.jpg",
      "collection": "plutonium.items",
      "resultId": "sfGne39WC2LKTzka",
      "weight": 1,
      "range": [
        4,
        4
      ],
      "drawn": false
    },
    {
      "_id": "XUizrBlNIIg8YYpU",
      "flags": {},
      "type": 2,
      "text": "Potion of Lightning Resistance",
      "img": "systems/dnd5e/icons/items/potions/grand-yellow.jpg",
      "collection": "plutonium.items",
      "resultId": "47tX42k3nnFddtqs",
      "weight": 1,
      "range": [
        5,
        5
      ],
      "drawn": false
    },
    {
      "_id": "mjRD4QhkV1h3KNCk",
      "flags": {},
      "type": 2,
      "text": "Potion of Necrotic Resistance",
      "img": "systems/dnd5e/icons/items/potions/grand-violet.jpg",
      "collection": "plutonium.items",
      "resultId": "wWWlfNqoPz6A61Ts",
      "weight": 1,
      "range": [
        6,
        6
      ],
      "drawn": false
    },
    {
      "_id": "QGrxKMlKQvbl0RS9",
      "flags": {},
      "type": 2,
      "text": "Potion of Poison Resistance",
      "img": "systems/dnd5e/icons/items/potions/major-green.jpg",
      "collection": "plutonium.items",
      "resultId": "JPubnkUul2iGvJTD",
      "weight": 1,
      "range": [
        7,
        7
      ],
      "drawn": false
    },
    {
      "_id": "FzjExEAnhEKTPv53",
      "flags": {},
      "type": 2,
      "text": "Potion of Psychic Resistance",
      "img": "systems/dnd5e/icons/items/potions/grand-violet.jpg",
      "collection": "plutonium.items",
      "resultId": "bjFFYPm4xqtL24Vv",
      "weight": 1,
      "range": [
        8,
        8
      ],
      "drawn": false
    },
    {
      "_id": "utIlMxTMgLnRef19",
      "flags": {},
      "type": 2,
      "text": "Potion of Radiant Resistance",
      "img": "systems/dnd5e/icons/items/potions/grand-yellow.jpg",
      "collection": "plutonium.items",
      "resultId": "ekI45NqyNWjT7HR0",
      "weight": 1,
      "range": [
        9,
        9
      ],
      "drawn": false
    },
    {
      "_id": "izGC1Um3DTJl8p7O",
      "flags": {},
      "type": 2,
      "text": "Potion of Thunder Resistance",
      "img": "systems/dnd5e/icons/items/potions/grand-yellow.jpg",
      "collection": "plutonium.items",
      "resultId": "LGfMqMhTph5jB7Dc",
      "weight": 1,
      "range": [
        10,
        10
      ],
      "drawn": false
    }
  ],
  "formula": "1d10",
  "replacement": true,
  "displayRoll": true
}