{
  "_id": "MzHd1MuvtCDj7m2h",
  "name": "Quaal's Feather Token",
  "sort": 1,
  "flags": {
    "better-rolltables": {},
    "exportSource": {
      "world": "kiltore-roll20",
      "system": "dnd5e",
      "coreVersion": "0.6.2",
      "systemVersion": 0.93
    }
  },
  "description": "",
  "results": [
    {
      "_id": "r5Ej4mTsYCyDRE8y",
      "flags": {},
      "type": 2,
      "text": "Quaal's Feather Token, Anchor",
      "img": "modules/plutonium/media/icon/crossed-swords.svg",
      "collection": "plutonium.items",
      "resultId": "iU8s8im0ZBYMhLXU",
      "weight": 1,
      "range": [
        1,
        20
      ],
      "drawn": false
    },
    {
      "_id": "KypwagFTaBPEB0ld",
      "flags": {},
      "type": 2,
      "text": "Quaal's Feather Token, Bird",
      "img": "modules/plutonium/media/icon/crossed-swords.svg",
      "collection": "plutonium.items",
      "resultId": "eCM6gn5QRFln1XyJ",
      "weight": 1,
      "range": [
        21,
        35
      ],
      "drawn": false
    },
    {
      "_id": "1P64QcIH4eTMEeAU",
      "flags": {},
      "type": 2,
      "text": "Quaal's Feather Token, Fan",
      "img": "modules/plutonium/media/icon/crossed-swords.svg",
      "collection": "plutonium.items",
      "resultId": "5Y9ieTnrdqhXuzOh",
      "weight": 1,
      "range": [
        36,
        50
      ],
      "drawn": false
    },
    {
      "_id": "877YsC5QikXCsAKF",
      "flags": {},
      "type": 2,
      "text": "Quaal's Feather Token, Swan Boat",
      "img": "modules/plutonium/media/icon/crossed-swords.svg",
      "collection": "plutonium.items",
      "resultId": "mNo6mGZcpOsQ08I1",
      "weight": 1,
      "range": [
        51,
        65
      ],
      "drawn": false
    },
    {
      "_id": "95is928zyqPqVQ0h",
      "flags": {},
      "type": 2,
      "text": "Quaal's Feather Token, Tree",
      "img": "modules/plutonium/media/icon/crossed-swords.svg",
      "collection": "plutonium.items",
      "resultId": "bk89tCPBrkB84YZf",
      "weight": 1,
      "range": [
        66,
        90
      ],
      "drawn": false
    },
    {
      "_id": "Bmafo24YbAnDyxUu",
      "flags": {},
      "type": 2,
      "text": "Quaal's Feather Token, Whip",
      "img": "modules/plutonium/media/icon/crossed-swords.svg",
      "collection": "plutonium.items",
      "resultId": "M7dXV09I8bTdmJz9",
      "weight": 1,
      "range": [
        91,
        100
      ],
      "drawn": false
    }
  ],
  "formula": "1d100",
  "replacement": true,
  "displayRoll": true
}