{
  "_id": "oSjLQnKpOLoMS00N",
  "name": "Magic Item Table E",
  "sort": -74999,
  "flags": {
    "better-rolltables": {},
    "exportSource": {
      "world": "kiltore-roll20",
      "system": "dnd5e",
      "coreVersion": "0.6.2",
      "systemVersion": 0.93
    }
  },
  "description": "",
  "results": [
    {
      "_id": "NgBc5iPwa6IcueZB",
      "flags": {},
      "type": 2,
      "text": "Spell Scroll (8th Level)",
      "img": "modules/plutonium/media/icon/tied-scroll.svg",
      "collection": "plutonium.items",
      "resultId": "milWHOyWvqB9aqgr",
      "weight": 1,
      "range": [
        1,
        30
      ],
      "drawn": false
    },
    {
      "_id": "SRBcdzHVm05SblG9",
      "flags": {},
      "type": 2,
      "text": "Potion of Storm Giant Strength",
      "img": "systems/dnd5e/icons/items/potions/major-blue.jpg",
      "collection": "plutonium.items",
      "resultId": "No9SVMWT8VTbaqbD",
      "weight": 1,
      "range": [
        31,
        55
      ],
      "drawn": false
    },
    {
      "_id": "eFdfQGKcFycOw2yD",
      "flags": {},
      "type": 2,
      "text": "Potion of Supreme Healing",
      "img": "systems/dnd5e/icons/items/potions/grand-red.jpg",
      "collection": "plutonium.items",
      "resultId": "UF0sSkyUuQjmuKnU",
      "weight": 1,
      "range": [
        56,
        70
      ],
      "drawn": false
    },
    {
      "_id": "wPTaHLEZnIin1jGT",
      "flags": {},
      "type": 2,
      "text": "Spell Scroll (9th Level)",
      "img": "modules/plutonium/media/icon/tied-scroll.svg",
      "collection": "plutonium.items",
      "resultId": "8VARSC8ZjxihYt7C",
      "weight": 1,
      "range": [
        71,
        85
      ],
      "drawn": false
    },
    {
      "_id": "m3jyZkjhc2ZdTDO9",
      "flags": {},
      "type": 2,
      "text": "Universal Solvent",
      "img": "https://5e.tools/img/items%2FUniversal%20Solvent.jpg",
      "collection": "plutonium.items",
      "resultId": "pobK1DahkkIITgnm",
      "weight": 1,
      "range": [
        86,
        93
      ],
      "drawn": false
    },
    {
      "_id": "n30HZVBpYAXIPJu7",
      "flags": {},
      "type": 2,
      "text": "Arrow of Slaying",
      "img": "https://5e.tools/img/items%2FArrow%20of%20Slaying.jpg",
      "collection": "plutonium.items",
      "resultId": "NV9cNDkFA6IPNALs",
      "weight": 1,
      "range": [
        94,
        98
      ],
      "drawn": false
    },
    {
      "_id": "JEAsI3WCFcwwAMxx",
      "flags": {},
      "type": 2,
      "text": "Sovereign Glue",
      "img": "https://5e.tools/img/items%2FSovereign%20Glue.jpg",
      "collection": "plutonium.items",
      "resultId": "17VCMt9NxhVJWpM1",
      "weight": 1,
      "range": [
        99,
        100
      ],
      "drawn": false
    }
  ],
  "formula": "d100",
  "replacement": false,
  "displayRoll": true
}